,Topics 1,Topics 2,Topics 3,Topics 4,Topics 5,Topics 6,Topics 7,Topics 8,Topics 9,Topics 10,Topics 11,Topics 12,Topics 13,Topics 14,Topics 15,Topics 16,Topics 17,Topics 18,Topics 19,Topics 20,Topics 21,Topics 22,Topics 23,Topics 24,Topics 25,Topics 26,Topics 27,Topics 28,Topics 29,Topics 30
1,leadership,marketing,team,learning,identity,capital,firm,authors,business,life,capabilities,organizational,organizations,group,knowledge,diversity,strategy,integration,measurement,control,workplace,innovation,corporate,behaviors,change,design,cross,entrepreneurship,evidence,construct
2,approaches,published,teams,organizational,role,social,firms,international,case,work,dynamic,theory,complexity,groups,power,approach,global,streams,performance,process,individual,relationships,political,outcomes,time,knowledge,cultural,economic,practices,constructs
3,context,behaviour,entrepreneurial,order,draw,actors,environmental,experience,basis,changes,based,goals,institutional,dynamics,can,management,view,networks,measures,self,psychological,framework,institutional,behavior,strategic,technology,culture,activity,best,definitions
4,affect,journals,multi,approaches,contribution,relational,value,conceptual,model,employees,competitive,affect,organization,literatures,reviews,categories,challenges,two,relationship,mechanisms,individuals,management,perspectives,highlight,fields,factors,differences,growth,practice,relationships
5,practice,academic,lack,success,exploring,network,creation,articles,dominant,benefits,resource,fields,organizing,whether,processes,approaches,practice,network,factors,less,levels,existing,academic,findings,central,job,examine,policy,human,variables
6,influence,reviewed,characteristics,play,models,relations,strategic,concept,models,associated,resources,disciplines,forms,may,contribution,studies,environment,making,systems,external,model,information,theory,prior,building,employees,managers,entrepreneurial,employee,clarity
7,collective,order,article,development,culture,structural,strategies,antecedents,concludes,definition,view,behavior,theories,ways,contemporary,contributions,debates,integrate,researchers,theories,consequences,strategic,tools,disciplines,yet,use,consider,progress,support,topic
8,forms,gaps,nature,organization,self,others,decision,opportunities,used,suggest,developed,areas,study,action,three,despite,management,important,results,ideas,level,structure,effects,positive,concept,related,methodological,development,effectiveness,researchers
9,capture,systematic,leading,critical,describe,human,managers,potential,methods,themes,explain,science,scholars,science,perspectives,analysis,forward,identify,impact,internal,multiple,systems,contexts,diverse,one,changes,major,economics,impact,underlying
10,given,contributions,advance,discussion,ways,given,non,highlights,paper,around,identifying,across,environment,yet,paper,contexts,main,questions,dimensions,managers,people,overview,domain,topic,scholarly,work,conclude,developments,system,theoretical
Topic Labels,leadership,marketing,entrepreneurial teams,organizational learning,identity,social capital,firm environments,international experience,business cases,work-life,dynamic capabilities,organizational research,institutional complexity,group dynamics,knowledge & power,diversity & categories,strategy making,integrative review,performance measures,control processes,levels of analysis,management frameworks,political,behaviors & outcomes,time & change,work design,cross-cultural,public policy,research evidence,constructs/variables